{
    "rabbit_url": "http://localhost:15672",
    "rabbit_user": "guest",
    "rabbit_pass": "guest",
    "publish_port": "9419",
    "publish_addr": "",
    "output_format": "TTY",
    "ca_file": "ca.pem",
    "cert_file": "client-cert.pem",
    "key_file": "client-key.pem",
    "insecure_skip_verify": false,
    "exlude_metrics": [],
    "include_exchanges": ".*",
    "skip_exchanges": "^$",
    "include_queues": ".*",
    "skip_queues": "^$",
    "skip_vhost": "^$",
    "include_vhost": ".*",
    "rabbit_capabilities": "no_sort,bert",
    "aliveness_vhost": "/",
    "enabled_exporters": ["exchange", "node", "overview", "queue", "aliveness"],
    "timeout": 30,
    "max_queues": 0
}
